{
  "answer_correctness": [
    NaN,
    NaN,
    NaN,
    NaN,
    NaN,
    NaN,
    NaN,
    0.0008914975954041754,
    0.0069038691670469535,
    NaN,
    NaN,
    0.22052187092343484,
    NaN,
    0.7628736858144356,
    0.7372261093921887,
    0.5370652569487491,
    0.7038681919526064,
    0.6127602396009313,
    0.7077146440914484,
    0.17381797989717174
  ],
  "faithfulness": [
    0.0,
    0.0,
    1.0,
    1.0,
    0.2,
    1.0,
    0.4444444444444444,
    0.0,
    0.0,
    0.0,
    0.7272727272727273,
    0.0,
    1.0,
    1.0,
    0.5,
    0.1111111111111111,
    0.8333333333333334,
    0.5,
    1.0,
    0.0
  ],
  "answer_relevancy": [
    0.0,
    0.0,
    0.9039141666221496,
    0.9492643202306837,
    0.8266105462725606,
    0.965171163698923,
    0.6421099508401602,
    0.0,
    0.0,
    0.9108169514390894,
    0.0,
    0.0,
    0.7268299769121217,
    0.7904046178547434,
    0.805707220631806,
    0.0,
    0.8401715963609397,
    0.9340763750800836,
    0.6871239002559769,
    0.10509749607442564
  ]
}