{
  "answer_correctness": [
    NaN,
    NaN,
    NaN,
    0.9956263632633967,
    NaN,
    0.9895975924186897,
    NaN,
    0.9881836147232161,
    NaN,
    0.02062819243439621,
    0.8219413753997996,
    0.23702175468511222,
    0.44654350552794314,
    0.5750258982216043,
    0.4801190735726266,
    0.36509957299101997,
    0.2850048086403542,
    0.5845992141052063,
    0.7286532215038903,
    0.7645197022456194
  ],
  "faithfulness": [
    1.0,
    0.7142857142857143,
    1.0,
    1.0,
    0.36363636363636365,
    1.0,
    1.0,
    0.7142857142857143,
    1.0,
    0.0,
    0.8888888888888888,
    0.0,
    1.0,
    1.0,
    0.875,
    0.5294117647058824,
    0.5454545454545454,
    0.0,
    1.0,
    0.8181818181818182
  ],
  "answer_relevancy": [
    0.9091359412542381,
    0.852597040134585,
    0.972479674619676,
    0.9913470085430841,
    0.7847186500384762,
    0.986623661938483,
    0.0,
    0.8782928823591619,
    0.9098248534801963,
    0.0,
    0.7688617166901787,
    0.0,
    0.7337029145387935,
    0.0,
    0.8926709114852305,
    0.0,
    0.9826568778671224,
    0.0,
    0.6858745983707404,
    0.9428192332705213
  ]
}