{
  "answer_correctness": [
    -0.00428355535726626,
    NaN,
    NaN,
    NaN,
    NaN,
    NaN,
    0.012089746666269666,
    0.993957517714993,
    0.8429521402577811,
    0.0206261209077803,
    NaN,
    0.22053823820159577,
    NaN,
    0.2860303941346035,
    0.2636022712494381,
    0.31647579429487116,
    0.28212422902772255,
    0.6817354293172612,
    0.5724985127621126,
    0.8581961489732641
  ],
  "faithfulness": [
    0.0,
    0.9333333333333333,
    1.0,
    0.0,
    0.0,
    0.0,
    0.0,
    1.0,
    1.0,
    0.0,
    1.0,
    0.0,
    1.0,
    1.0,
    0.6153846153846154,
    0.5,
    0.9166666666666666,
    0.75,
    0.0,
    1.0
  ],
  "answer_relevancy": [
    0.0,
    0.8495581169203006,
    0.913407293069432,
    0.0,
    0.8747692039082171,
    0.0,
    0.0,
    0.972876496038482,
    0.9703389369178056,
    0.0,
    NaN,
    0.0,
    0.9122975269089306,
    0.0,
    0.9011465093092098,
    0.0,
    0.9784463675418286,
    0.9433080969221346,
    0.0,
    0.9999999999999997
  ]
}