{
  "answer_correctness": [
    NaN,
    0.8005621417805284,
    NaN,
    NaN,
    NaN,
    0.9899974509905488,
    0.012089746666269666,
    NaN,
    NaN,
    0.7815679228016947,
    0.8178269506555305,
    NaN,
    NaN,
    0.5604262800976157,
    0.3552443046894042,
    0.9084851404826383,
    0.3457606252832207,
    0.9751530850360312,
    0.3607923012698351,
    0.601622113699572
  ],
  "faithfulness": [
    0.8181818181818182,
    1.0,
    0.8888888888888888,
    0.8888888888888888,
    0.6666666666666666,
    1.0,
    0.0,
    0.0,
    1.0,
    0.0,
    1.0,
    0.0,
    1.0,
    0.8,
    1.0,
    0.9166666666666666,
    0.8,
    1.0,
    0.0,
    0.9
  ],
  "answer_relevancy": [
    0.9500813446936838,
    0.8805268450343903,
    0.9834513012987899,
    0.9913470085430841,
    0.5705217811375249,
    0.9074405312137049,
    0.0,
    0.0,
    0.9703427671498434,
    0.5561762128667486,
    0.8444949558142792,
    0.0,
    0.0,
    0.7904303713938342,
    0.6612320140559584,
    0.0,
    0.8376196395341357,
    0.9400705557734915,
    0.0,
    0.9500444912977009
  ]
}