{
  "answer_correctness": [
    NaN,
    NaN,
    NaN,
    NaN,
    NaN,
    NaN,
    0.6753168920071511,
    0.0008953312351486047,
    NaN,
    0.35440877586398256,
    0.012550479860764872,
    0.43716646169128426,
    0.30277365217156105,
    0.435288576236423,
    0.6818939182483474,
    0.7338924365351014,
    0.3138973812466722,
    0.7512802691973852,
    0.3059951534145957,
    -0.0026526083381223616
  ],
  "faithfulness": [
    0.0,
    0.0,
    0.0,
    0.0,
    0.0,
    0.0,
    0.0,
    0.0,
    0.0,
    0.0,
    0.0,
    0.0,
    0.0,
    0.0,
    0.0,
    0.6,
    0.6666666666666666,
    0.0,
    0.0,
    0.0
  ],
  "answer_relevancy": [
    0.8641880815436033,
    0.0,
    0.8671772830903791,
    0.0,
    0.0,
    0.7572276590531624,
    0.0,
    0.0,
    0.0,
    0.5470729785010001,
    0.0,
    0.7349532127512999,
    0.9883459440237264,
    0.5874665889395153,
    0.7693869700079281,
    0.8523701250687697,
    0.9812425680868245,
    0.0,
    0.0,
    0.0
  ]
}